OrderID,Status
order-8cacb48a-6a1e-42de-abe2-cf6092a48af2,RETURNED
order-f696bafe-acd9-4985-a4ad-05da86cc8268,RETURNED
order-3c18c650-b023-4b3e-bc03-e6ae455329ff,RETURNED
order-6b940800-f65e-4717-ac18-bd12e0e91400,RETURNED
order-766719c3-2fe4-4fc9-8d44-26c10a575ea2,RETURNED
order-b907a311-240c-4d3d-a7b6-9af66bbab758,RETURNED
order-064459d9-d81d-4410-9320-8097de3804e1,RETURNED
order-e31cc2fa-31c1-4cd8-a78b-53e9a5da78b2,RETURNED
order-2b1dd889-0702-45dc-a2f9-6a1c9fd3e738,RETURNED
order-c51aca32-1435-456e-a890-abe7e22626d2,RETURNED
order-0d2e9495-c37a-4d9a-94b6-0bdbd90b8190,RETURNED
order-a5f95e0d-e2a3-4d3d-8b96-ec8caf3c509a,RETURNED
order-33677257-805a-4b99-b41d-a32517d2ac26,RETURNED
order-5d4f7bd9-b6c8-42e6-b345-31da3db5bdc5,RETURNED
order-7b3a6b73-80c1-467a-a283-6efc5d751c57,RETURNED
order-c44c159c-dabc-47df-ae35-43658617f053,RETURNED
order-5a843fb3-7af6-4053-ab31-03bd5c17937a,RETURNED
order-965f033c-6a8e-4a3c-8ee7-5e531346e425,RETURNED
order-9aa8df5a-ceaa-4753-b728-3f108fdee5d5,RETURNED
order-c363bc06-b6d5-4691-ad9f-d889c8484c44,RETURNED
order-7b91550a-d9f0-44e7-8dcf-b86106949cda,RETURNED
order-f670ccc8-fc2c-4696-bceb-efaa1782b5ce,RETURNED
order-ee214545-1ca5-4c70-bfd3-f5b08b5a7dc1,RETURNED
order-c69d3979-2f00-4460-b422-0133a9e7f6fa,RETURNED
order-00e5d11e-2c62-4f24-8a36-b5a9a7f89181,RETURNED
order-07190722-d9b0-41d1-9eb0-9468a7dab5d1,RETURNED
order-7106992b-2ac2-4806-8536-070bc6ac86ae,RETURNED
order-f665ed74-15ea-4ae7-b7e1-de05de211860,RETURNED
order-b65070c3-b118-4588-9ac4-12d49086cd03,RETURNED
order-212fe815-75e2-4095-9fa6-fbb2e103e815,RETURNED
order-4ba5fdee-8bad-457d-b552-ec7ff770a218,RETURNED
order-bd000729-86ef-4c23-92fb-3a0958771152,RETURNED
order-bb98f0f7-7255-4027-9118-7a2ec4aaa695,RETURNED
order-9b2ed25f-49ad-4364-aa85-e0588e1519f1,RETURNED
order-e4a6a3ce-0e90-4692-8cb0-eb3322e9ed3e,RETURNED
order-2de01587-a11e-4e01-9152-f23713004e8a,RETURNED
order-3e4a68d9-764f-465b-b655-25f92fca06d4,RETURNED
order-aa76213c-cafa-484f-9370-84df05c45dcb,RETURNED
order-22e6e4ca-e224-438a-bcfa-58a3be96d30a,RETURNED
order-96740e66-7876-445d-a581-eba51114de4d,RETURNED
order-de07ccd8-a5f6-4734-9127-17313736e516,RETURNED
order-fdc27435-37a1-4a15-b111-f8b2b0e613f8,RETURNED
order-56b1ee94-88b7-4ff4-85a7-f3664eab7a04,RETURNED
order-2b26f4c2-e5fe-47f8-9eb6-d458787c38a0,RETURNED
order-bd672db8-8dfe-46a1-878e-abda41ec6ff7,RETURNED
order-6b23f4e7-e0ac-45e9-8ead-16a5c3ef3e20,RETURNED
order-51cd3b7f-67b1-4cf8-a68f-8a109ccce4ab,RETURNED
order-fc3e5cf3-267e-49fa-af66-f9f86c341d1c,RETURNED
order-78949ab6-6cb4-40be-ab10-a5ecdaf408b1,RETURNED
order-4b5ccc96-34d6-435e-b2f3-1e77f4ca4bf1,RETURNED
order-a3ecffde-8316-49a8-adf4-605e2205be4c,RETURNED
order-aab3bcba-098a-4fe7-8710-fe1d2a0417a5,RETURNED
order-68b41bfc-ab5f-461f-bbfd-1b4576e79fc2,RETURNED
order-856cb4fa-913c-4543-ac77-636e8aad22cb,RETURNED
order-547b5bbd-eac0-471e-8a22-68a432f4a942,RETURNED
order-50597413-f5c5-4568-9da9-e2a4b58d8bf8,RETURNED
order-7807ecb7-69d3-45c8-9d68-f3d002c1b4e2,RETURNED
order-7f077b87-603c-4c09-be04-63a54b0a9dfa,RETURNED
order-f5ec30ca-4628-4352-810a-a4f9270f0cd2,RETURNED
order-2e68f4c2-86cd-4b77-b5f6-769b0c1dd890,RETURNED
order-0bea9af6-8791-4915-8ef5-2901dd70e3a2,RETURNED
order-c2f42fe6-bb41-43c7-bdce-dc3c787ca22e,RETURNED
order-b88926cd-1efa-4ac8-b77a-8fc7df93e325,RETURNED
order-f96ccc4e-bc66-4ce7-9a0f-ae5025b81599,RETURNED
order-c784d3ea-9501-4647-971c-b518234353d0,RETURNED
order-69d8c16c-0fb4-4ec8-b6f8-00011fac1c1f,RETURNED
order-9dac6564-17f3-4e58-883c-c63cb0a37799,RETURNED
order-b429d53b-81d9-4ae6-af59-338906036b47,RETURNED
order-f9fed801-9970-40c0-b3ce-d67e8992ffed,RETURNED
order-312e890a-72b6-4920-8412-3435a4e86d99,RETURNED
order-5675992b-b5b3-4ce6-be05-fee07775ea1c,RETURNED
order-79ae5cb9-4a55-4cc9-81e1-535757aced19,RETURNED
order-497e6e63-265f-4a6a-8bca-068bb6b28bc4,RETURNED
order-f88b8df7-29aa-44e6-b589-3a29b99af5c6,RETURNED
order-dcb19e81-cf55-4fa0-987f-1f66765eb0a1,RETURNED
order-6961f828-39c2-426f-bb67-dc0309f4b76c,RETURNED
order-d0b3abad-578d-4b90-b9b6-efb1d046819b,RETURNED
order-5d2e3c53-a5ac-4b6e-8f65-9a0a55cca170,RETURNED
order-674847d4-e0ca-4933-a8ec-ab4bf24988f4,RETURNED
order-11789e43-e0eb-4b66-aa07-c6abdbbd764b,RETURNED
order-4e29eade-e879-482c-9252-11459ff6cf4c,RETURNED
order-73e7741f-82a7-4142-8f71-3e251a1070f7,RETURNED
order-fc98a14a-72ec-4a76-aeb1-406840c8f6aa,RETURNED
order-c4fc7217-1e81-4ee9-945d-1f3590ba559d,RETURNED
order-058008aa-7e88-40b7-b6b1-cbb23672db14,RETURNED
order-747d73bd-d6dd-4d5b-baee-a26417767182,RETURNED
order-28e6830d-3940-422a-9b46-3cf079460a4a,RETURNED
order-540bc54b-7c73-494f-b0a5-1a3d54977ff4,RETURNED
order-4d3e449a-9bb4-47db-b4e7-d7d9bf06f013,RETURNED
order-77025299-7912-4f52-a2a4-06b3b0702dd4,RETURNED
order-feddfd96-bae0-42c0-9f9c-9ffeb31d588b,RETURNED
order-4b2034ae-1b2a-47e0-9414-083fbbf4c108,RETURNED
order-e6c3019e-ce76-45ff-afb6-7faf590b1720,RETURNED
order-6413bd1d-524c-49dc-be08-a5d6f8fd5ead,RETURNED
order-aff5cf45-c6bc-4c67-81d5-3a01369d7b11,RETURNED
order-c61201b0-af72-4682-abd7-1add20aa0cfe,RETURNED
order-dfeb7a10-4529-4a91-be23-8b6ec012526d,RETURNED
order-6cecd7fa-785c-47ed-a058-eb64c087dbb9,RETURNED
order-2b00e582-7166-450d-b8da-d52d6bb8e0a5,RETURNED
order-48191468-9fec-4021-9add-5c0d2f03e23b,RETURNED
order-be7d9db6-07dc-4841-8bcb-bb5acbff0cb3,RETURNED
order-0d6cee33-2d5d-4ea0-8eb9-95e22d539739,RETURNED
order-71d802a9-79d3-40ef-b210-7fbe4fa471f2,RETURNED
order-b24ba569-73ad-4ea2-aa99-53e237601329,RETURNED
order-4de49acc-f7f1-4795-a331-04e3ca4011c1,RETURNED
order-d4f182dd-3c50-4c90-a631-88008dc862ad,RETURNED
order-a3398d96-8380-411b-9acf-b72771631263,RETURNED
order-5f54ef06-a19a-432b-bdb5-0bb572f7599c,RETURNED
order-23c537a3-ff14-4902-96f1-a63ed7dd9840,RETURNED
order-6dd75971-2a59-4a7e-bc7c-6c50320d69a4,RETURNED
order-9f85635a-591f-4923-9abc-fcdd4cd21c75,RETURNED
order-753dee39-e8ff-4e18-bb9f-4befae72affb,RETURNED
order-f0736258-c894-4680-b751-f4e8ef4435f7,RETURNED
order-df4581c3-d963-4419-b85c-8ac8ed6e23a5,RETURNED
order-ac668a14-f8a8-41cb-a1ec-a40a693e09d7,RETURNED
order-aceca554-5601-4315-8a27-ece771f9d697,RETURNED
order-fd7c3815-8311-4534-a4ad-641dba0e11a4,RETURNED
order-3fdf00ae-44ec-4c64-9788-e16701218533,RETURNED
order-72da5266-6477-406a-bc65-e8fbd9436683,RETURNED
order-eab60a98-700f-4037-8fe5-c0887c50fccd,RETURNED
order-e920728d-4c1b-43bc-8bd9-577a2f1971ee,RETURNED
order-5367e4d0-fa9b-46ea-a621-b7affddeaf14,RETURNED
order-32446f91-830f-40e5-8af3-44115d09350e,RETURNED
order-5975cef1-f933-4029-ae13-5e076517466c,RETURNED
order-e0fd4b74-da2a-4f90-9075-34d4f1460eb8,RETURNED
order-411973f9-bba5-4916-88fc-4624e57b698a,RETURNED
order-af1c3a77-2e60-4ed9-815e-ccc252392fbe,RETURNED
order-87573762-15ef-42c2-9b7d-f405dbd777d9,RETURNED
order-8a6d773f-35c0-44f7-a62b-83050481576f,RETURNED
order-78eb6976-cc8a-4da9-b564-5fbcd7475574,RETURNED
order-deb51d17-70c9-4838-adf4-438def797bc6,RETURNED
order-a958081f-b53e-4e5f-a923-5a9c383084a8,RETURNED
order-a11b386d-ee69-4154-b213-6d017e55d818,RETURNED
order-1163bcdd-023e-46af-acc7-9af6ab9f6a45,RETURNED
order-08f8fa8f-c94f-4a11-be57-63f9df9ba55c,RETURNED
order-25d6fa3f-783f-4ada-918d-8b4d876c6d3e,RETURNED
order-f7261779-19f8-46d9-8c46-6db6edbb4049,RETURNED
order-eebd45e4-55d3-4bf9-9071-05c0c5254cc2,RETURNED
order-48bc46b8-d6ec-4096-819c-0edb64e8fa1e,RETURNED
order-9ae35316-9a22-4b79-a3b8-c7a1293fc181,RETURNED
order-229afe99-413d-47d1-ad44-8f6e3551dd19,RETURNED
order-0f63c12e-5713-4071-aa0e-d8da51e626fe,RETURNED
order-b7a4ed8a-1534-49e3-ba5b-ad1c0f34def6,RETURNED
order-93438155-5f71-4a54-8935-c5832887eb0c,RETURNED
order-47238fad-8c47-422a-abb5-b841fc895bcb,RETURNED
order-4496ceab-712e-4255-9136-7b261fc01e3a,RETURNED
order-daf8a8aa-58a0-4c9f-8453-41bd2f553bee,RETURNED
order-45451d2d-a341-417a-a8ac-6b36e0ab427a,RETURNED
order-4601c65f-a135-47c3-9707-1928df760b1c,RETURNED
order-e8f593a1-380b-4921-97df-0bb13c3ef2d3,RETURNED
order-8f3e7d2a-7810-48c6-b943-472b2aede5ed,RETURNED
order-f742e17a-a212-41b9-b69d-7dfec88907dd,RETURNED
order-133f81fc-23d8-4131-b2b3-4866d97a17ad,RETURNED
order-056f8277-e343-438f-82b6-c6c467c7f13a,RETURNED
order-dd1717e7-3b4e-466d-86ce-e98ec2ad6ae2,RETURNED
order-4aef2332-0d94-42aa-a1ad-566551cf1d19,RETURNED
order-3c5d404d-c8d0-4f46-aad7-d1654d7409fc,RETURNED
order-51867152-cba9-4140-9871-8533c25ccf1c,RETURNED
order-f4ec9ee9-14bc-46c9-84cb-f09e0fa4b940,RETURNED
order-bb244b1e-c01a-499d-a137-2ca0a8cecb03,RETURNED
order-ceda757d-f5d9-430a-81db-e6adff444a8b,RETURNED
order-d8fbbf36-ed68-4322-a0cf-efd7b391a459,RETURNED
order-eebe2ad7-82ce-4e8a-a2c6-7f5815ecc329,RETURNED
order-9bdff9f3-26c3-4bbf-ac11-965da6ffc0d6,RETURNED
order-4773ca60-890c-49e7-b6ab-081b0e0d93ac,RETURNED
order-92304472-ab27-4700-977c-fe917ab0acb6,RETURNED
order-1808deb5-9e6e-4ec0-aad0-75e22b931e95,RETURNED
order-93b9e67f-d24d-45b5-835f-2c3e37bdd9bc,RETURNED
order-181ba668-4cd2-430c-8231-9ecaba611b6e,RETURNED
order-c8e6ce71-fcab-463a-9508-d71d0c5e6d4a,RETURNED
order-8696f4f1-0f5e-4618-a64d-fcd704b8a8fc,RETURNED
order-0ce4ec41-1c02-47a0-8c36-4370538324b0,RETURNED
order-614e8e07-3432-4700-af31-1931cbd2b98d,RETURNED
order-9ce9e873-fab8-4589-8db6-4630d527d965,RETURNED
order-41d652e6-bd0b-4c68-9a6d-4c089d2b9bc0,RETURNED
order-aa190349-838d-4665-9682-08dc51996a48,RETURNED
order-4046e48e-6780-4f0b-ad98-3c69f9346947,RETURNED
order-72fc7953-21ce-4394-afed-19706a6c1294,RETURNED
order-481b9673-2ac1-476b-8169-f7f687a056f3,RETURNED
order-224660da-cefe-42fd-b1c1-789f748aee2c,RETURNED
order-207ab9f1-2f65-4bb2-b21c-74e61e164136,RETURNED
order-036ad97b-ebbd-4aa3-8229-a857f33858b5,RETURNED
order-6d7a639d-92b4-4f98-9cef-dda130054f13,RETURNED
order-62dc720d-4d1e-4a37-92ef-d90b34d2793b,RETURNED
order-ffb9743d-3036-4221-911c-8f7cd8d01ef2,RETURNED
order-4881eafc-a9eb-45b6-9f28-b6630bc9c463,RETURNED
order-b17bc827-2e4b-41f9-b78c-7ebe652c9d60,RETURNED
order-fc8efa57-3940-4385-b86d-7aa602fe231a,RETURNED
order-b434a96b-c180-4f6e-9fb6-b90da4145ecc,RETURNED
order-b0095e9f-05f5-45f2-94b8-839355ccae6c,RETURNED
order-8ed6048a-0ed7-475d-b1a0-570a696801ba,RETURNED
order-54dbb2ea-d05c-4963-937d-c32de33f8ca5,RETURNED
order-c4358da3-e848-4345-aedb-46106751c817,RETURNED
order-ab76cbd1-596a-437e-b07c-b90b94f6a60f,RETURNED
order-b20ee48e-0a57-481a-8cc7-cd0918dd82d1,RETURNED
order-5323396b-9251-4f9c-b5e5-e0731400692b,RETURNED
order-7f1a6173-e6b5-4695-8619-2aacc7e7db5a,RETURNED
order-b664cc47-3e6c-47bd-b56d-95ee468d2d77,RETURNED
order-c3ffe856-3531-48e3-a230-f3f03fec0146,RETURNED
order-6e991158-6809-423a-99a1-8bfb77f602f9,RETURNED
order-24bfaf41-1cfa-4fb0-9bcc-c274ccc6238a,RETURNED
order-2ccb92c2-42d0-4885-889b-966a6eb8f55c,RETURNED
order-2d64bc12-1e3c-4278-abba-da0610009e83,RETURNED
order-a0ffa0cf-e53a-445f-9b96-4c6004bfe536,RETURNED
order-ea995b1d-31b0-4272-8a98-1e3f16568665,RETURNED
order-2358c45a-0b39-45e5-8d86-6d864c3d0b35,RETURNED
order-5d7d1aca-515c-498f-988a-56a97f0d5c8c,RETURNED
order-60318ede-79db-4618-aa8c-2d8e5978d443,RETURNED
order-94ff1ef8-0723-49a6-8286-01d8e39d80e4,RETURNED
order-b8a152cf-44d4-4e7a-b20b-718fa585fb66,RETURNED
order-89b934d8-dee8-41bb-a186-3b35a29cfa68,RETURNED
order-36e4061a-1713-4f9e-a98e-fc225bb89c2e,RETURNED
order-a2aa6d78-7168-4638-8b6b-13544aef31e8,RETURNED
order-e01e23d3-641a-42c5-a0d4-db8f75c09dda,RETURNED
order-c481ce99-5e13-4fd5-8c41-2ecaf9d5753a,RETURNED
order-b0b17cc3-f82f-4c72-9d6d-c2d41f696c14,RETURNED
order-09b3aad7-c2ac-4015-a3b6-c1096879b80a,RETURNED
order-ca73ab51-fee9-452e-a6b7-4599a270e74b,RETURNED
order-08b6c2f6-f58e-4c91-a5b6-5117a61ce20b,RETURNED
order-bd901232-ad97-491e-834c-23be20a05d41,RETURNED
order-f2aefc5b-2ed9-49d1-b7b0-5af8cc4c6651,RETURNED
order-1dd68b0f-ba0a-4042-b736-59eb5c30ed1c,RETURNED
order-df3b30a7-844a-4a17-a754-d9ac42f8bda4,RETURNED
order-cdd7bd2d-8b8b-4170-92d8-f808e75acec9,RETURNED
order-1be1fa96-e111-4376-8e69-328fd1c8747a,RETURNED
order-4cd6a617-3b45-43d0-be91-7021269a3229,RETURNED
order-859e91dd-ccfb-4dca-8c35-bdc05825df75,RETURNED
order-8fd7a2fb-26a8-42c6-8c4a-0a5aafdef5a0,RETURNED
order-75fe36ea-2c44-48b4-906c-bd99aee10b59,RETURNED
order-67e33ffe-d198-4dd5-8920-cf9746647f49,RETURNED
order-ccb1410a-7030-40f4-a742-1939b41466c2,RETURNED
order-674a264c-d10c-4d0d-bdd2-9e1e66332a16,RETURNED
order-46cd7a85-1312-41a2-9f67-3647ac9230bc,RETURNED
order-7d3f4b1f-e1de-431a-9f46-c96dc6a2d03f,RETURNED
order-7922dcc4-1a4f-40cc-aa34-1f5c3a6fa04c,RETURNED
order-f833eb21-4778-48b1-b23a-b378899210e3,RETURNED
order-0f4df25e-5255-45ac-9be5-a5f6bac461b3,RETURNED
order-7ee4c72d-8c50-4a89-99b1-cfeb27171cf5,RETURNED
order-55400f23-3ad4-4d7f-8835-2e5574ad4682,RETURNED
order-47e25786-8b30-445e-b085-4924bf195edd,RETURNED
order-6722082b-76f5-4f77-ae77-88fc9967dfd6,RETURNED
order-f05f2e6a-1faf-4498-8d8b-f1fc15e0d9f0,RETURNED
order-b44f830b-ed17-4170-93bb-53dea8b88e0d,RETURNED
order-902a35d9-38dd-4faf-991c-061cf9d78e19,RETURNED
order-4799e005-37a1-46bd-8c41-c1308cea7e45,RETURNED
order-674bdac0-b60b-489a-8fba-fc1b115ade8c,RETURNED
order-9177a608-2252-4d82-9735-2bcdf7773b91,RETURNED
order-becf5720-0fdf-4b58-8466-86549a4f98a8,RETURNED
order-96dbcd32-209e-40bb-b24e-2ffc3466e844,RETURNED
order-84bab039-89e6-452a-b1aa-fbc4b4f6a8c7,RETURNED
order-c60b4040-8f3f-43aa-8fa7-5e72a210b33e,RETURNED
order-276ef27d-6b4f-466d-9cbf-8134224258f1,RETURNED
order-5d8ff37d-04f2-4879-b18c-0524278a7d05,RETURNED
order-cd91e5e8-2f32-48ea-afe1-bed606e17b81,RETURNED
order-60642c20-b8c7-4641-98bd-c4a33b6f4c77,RETURNED
order-ec1537ec-83c2-4087-b31b-0a2b735934f7,RETURNED
order-83ff1b80-f5b4-4e12-81ef-7414d973fbae,RETURNED
order-2bdc07b1-97aa-441e-a65f-2016fd4d27ab,RETURNED
order-72e67b13-259b-4d21-ac30-fbb3e3931d93,RETURNED
order-7f590c80-5b8e-4d48-b8f3-7355cf4afad1,RETURNED
order-66f22af4-7314-4b60-a25f-5f68c6ece27f,RETURNED
order-fe95f78b-5070-4698-9c5d-ec9af0d5bc6f,RETURNED
order-6bb2d5d4-d030-4bbe-931c-65c36e927d46,RETURNED
order-18f45579-103b-46ba-b814-2a7967f82af0,RETURNED
order-c473b72f-4a70-4ead-b86d-ac75ab176056,RETURNED
order-b9b0b035-70e1-4555-8c47-8ae077c19107,RETURNED
order-80221efc-e88e-48c8-b62b-0bcda2071aac,RETURNED
order-539149a2-df51-4606-b322-5a39df4dde60,RETURNED
order-d2e38f8e-3206-40ab-a3f3-a0bd23627ab4,RETURNED
order-e2279526-d0d8-4468-812b-e093250e1c2e,RETURNED
order-de905f0c-8c86-4e3e-a3ab-28cd78103478,RETURNED
order-74163c24-48c5-41a2-858e-31e790586566,RETURNED
order-304204d4-4e9f-49d5-b8ff-0c03e61493ae,RETURNED
order-1057a5fa-b195-4b4f-972f-bcdccc5ecf72,RETURNED
order-855713c3-658d-488d-95bc-377ed12ef1c5,RETURNED
order-8ef5ca73-2297-4d0e-b77f-cc84ea092446,RETURNED
order-a4b978b1-22b8-4371-a507-cb23fe979f08,RETURNED
order-15c04b95-cb50-45e0-ae49-d7d1ade1f3a0,RETURNED
order-952c4be8-044c-4a5b-94cb-ee7777270cb5,RETURNED
order-b5fda3b2-bb6a-4a05-9d8d-67a00e5253ec,RETURNED
order-c521a0fd-95fa-4d1e-bf2d-15f8599f418d,RETURNED
order-37bb9eb1-6243-40f9-810b-bda61bd10bac,RETURNED
order-27923195-4b20-412a-b83e-f594b76958c1,RETURNED
order-a94f7528-bd68-469e-ba73-1d329e92157c,RETURNED
order-748c82ab-540a-4539-b50a-6456251daa28,RETURNED
order-e82c5ed1-7d41-4dc8-ab23-cabc974fd953,RETURNED
order-36ab506b-52e6-4843-861b-c83fab9a4bd4,RETURNED
order-f2bb7943-3727-445e-8fcb-5a8ae7f242a1,RETURNED
order-8c33875e-7030-46da-b3e1-a9bb3ba185a8,RETURNED
order-d288315e-fa07-4925-a8b6-3f3eb5325512,RETURNED
order-f7f2b5cd-cd2d-4f9e-9d0e-6878822cedf6,RETURNED
order-86d599b6-3714-44eb-99d1-0aa0f944c47e,RETURNED
order-13e18bce-9b37-4f87-a368-b888e2bd7fff,RETURNED
order-4591a819-f098-4443-a421-97f08c01fa92,RETURNED
order-578ac49e-ff60-412f-bef5-8cf43984057e,RETURNED
order-315729f1-2679-42fa-b6e1-dba41f0851fe,RETURNED
order-c7496838-00f2-42c3-b8b6-b0d4eaf33817,RETURNED
order-816b7095-abac-4052-a8f4-f002abb4ddc5,RETURNED
order-255cc9c3-2f60-4890-8ec5-26dffb7d779b,RETURNED
order-f20d6f0e-b716-4799-8c05-d7df22705088,RETURNED
order-b357e645-23f8-4271-9b78-70675176747f,RETURNED
order-1f4b4957-de35-466c-bf9d-168a24bbccdb,RETURNED
order-cfc2bc25-ad5a-4501-bb3f-8585c3d1cae3,RETURNED
order-e2f237dc-9ec0-42bf-ad14-e57438d0dd09,RETURNED
order-77e76190-43b5-431b-a97e-e14e2e4bda7d,RETURNED
order-53f7b5d3-6065-41e6-be67-44d0f8608c96,RETURNED
order-3208610e-9a6b-40c0-8b15-72a5d246d9ec,RETURNED
order-4c264888-feaf-4450-ad87-19a777cf519b,RETURNED
order-5d5b80ad-493e-4eeb-8df0-2536e5108733,RETURNED
order-8c5da231-077c-4cc0-a6fe-97d508b02466,RETURNED
order-0ccf9aa0-042d-40de-bea2-fd01656e9a1a,RETURNED
order-d07218d4-8e6c-44ba-a466-1d7ff95941d1,RETURNED
order-5bed051f-9ef9-424c-8b1a-f3221b205b2a,RETURNED
order-d41fe1a7-108e-420b-a4a1-d44b50385697,RETURNED
order-81478c65-5830-4103-97cb-ee1fb8db8779,RETURNED
order-eca6d104-986d-4e39-871d-a25bf7f45577,RETURNED
order-b1b84e42-b67f-4cde-b5c7-abb53fe812a5,RETURNED
order-e386639e-b82b-4e6e-ba60-ecaacec52c13,RETURNED
order-7bdc531a-85c8-4329-a7d2-8cc6accf5974,RETURNED
order-d41b9741-ec61-418c-9a5d-5041d199a13b,RETURNED
order-fe3db1a4-6ca0-440a-bb5e-ec01ffb08811,RETURNED
order-e0f0ea17-b410-493a-b0e0-8222af263a48,RETURNED
order-862ea682-b4ad-4f7a-8aa8-2eef559e7b55,RETURNED
order-cf6bd905-062a-4d85-b8de-db070074005c,RETURNED
order-51320224-f1c5-4cf2-a2e2-404b7fb778f7,RETURNED
order-b74b238e-cbfe-4298-b85d-5ece3c88d7a1,RETURNED
order-d5578e16-ae46-488f-ae92-4d6d0427c13d,RETURNED
order-1fe3e3c1-dbdf-40c0-aba7-b2375ddce7d9,RETURNED
order-75bb3a72-8ca9-4912-8e66-cf1be0505b6b,RETURNED
order-84d3d474-887d-4f20-9727-f747f0d83613,RETURNED
order-b68dea0f-284c-4377-ac43-d7b8070c6de6,RETURNED
order-35ee5648-0842-45cd-8cbe-c530625ead8a,RETURNED
order-6cc5436a-d83a-4696-a7cc-63abc2b976da,RETURNED
order-498327aa-3518-4c0e-9767-187910e558ea,RETURNED
order-6da675f0-4160-4dd5-90fb-8611d4853123,RETURNED
order-a5680c66-618e-447f-8ace-0d73e66b13bd,RETURNED
order-e1699f02-5af4-4918-b400-5d49994cbd6c,RETURNED
order-a2046532-bf5f-4959-b888-1bed9ebd0a55,RETURNED
order-ee61c8e5-db76-4d40-9598-633cde7e3d4e,RETURNED
order-e0ab4601-a903-42ec-89e6-05f288536807,RETURNED
order-2cb6510f-eaa2-4d44-a968-df40f86fb9f7,RETURNED
order-88689843-53d4-4e0c-9c33-ee62e7f31816,RETURNED
order-26e0f6f5-2d24-4d8e-b217-aa4dfb82d0a5,RETURNED
order-3ea06005-6cf5-4452-a760-a0864d9bb079,RETURNED
order-c68eaff1-1dcf-4684-833e-a08cd9aa309a,RETURNED
order-2fab372d-21ec-4cbc-8ff0-1da34e12dce1,RETURNED
order-78f43fae-1250-417c-b95b-82456cd95d66,RETURNED
order-e11162d7-4608-4150-980c-a98a2fd0c1d7,RETURNED
order-21e45de7-015b-449a-a8ae-fbd64269c1ab,RETURNED
order-a6ef5190-a53a-4b73-b73f-a76ba9c45849,RETURNED
order-1aff294b-701b-4887-b30f-a61f1f55256f,RETURNED
order-4fe5685f-54db-4a5c-a3ec-7694f2ba2fb4,RETURNED
order-18480872-e6f1-48e9-ad1f-d8a58615c08b,RETURNED
order-2ebfa7f1-16e8-41ef-aad7-6862ca9d0f8a,RETURNED
order-49f2715d-1440-4167-8856-7877727caec8,RETURNED
order-fdf2a9cc-e28b-4a78-83bc-f4a7b548ee58,RETURNED
order-467025cd-3bb5-421a-9220-d7ddae16cdb9,RETURNED
order-44bdd501-f2eb-4d3c-be20-fdadad835667,RETURNED
order-1c9d4cd3-cc20-403d-bb03-5540db746052,RETURNED
order-70b671ab-7a98-4ccb-b2b8-720b7913520b,RETURNED
order-6b7459f7-3348-44a6-9303-3922508ad34a,RETURNED
order-7f3fe3af-cde7-4b38-b8c1-6639a4c6b9c3,RETURNED
order-d497befe-d05b-4685-a670-e672acd93ae0,RETURNED
order-d4de3f6f-2fb0-4d2b-8f08-416bd4b2a9a6,RETURNED
order-9ce5fd20-7273-4b36-aab0-be4457a1787d,RETURNED
order-804458f1-cbb1-4dcd-937b-56ab824675ce,RETURNED
order-00506a72-ff7e-41ec-9f6f-d5ba2f23d2a1,RETURNED
order-58da1d4b-9b8e-4e05-ad89-be012bbecedf,RETURNED
order-cc8f00bf-49b1-4f67-87dc-ac2db70bf17f,RETURNED
order-5f9e99c9-79b3-483c-bb28-0991cf7a4a1b,RETURNED
order-77d50eeb-b162-43e7-9904-963a983bd669,RETURNED
order-b2d79aa2-3576-4c6a-a883-17c94488c50e,RETURNED
order-514090fb-d889-4476-b48e-f997458e1588,RETURNED
order-fc2214e1-298a-4f07-a7c1-dc4d83b68e91,RETURNED
order-3ef698c6-b4f4-40d7-9469-2180a57c89b2,RETURNED
order-db3acd9c-563c-4b4e-a4ef-34dbe9cf77a7,RETURNED
order-9edb719a-002c-4493-af7c-ff1d46d6b3f7,RETURNED
order-943f1834-9f76-4df0-8428-a9fbeb1c21d3,RETURNED
order-fb910c89-8c54-467e-b857-77d11e2245df,RETURNED
order-856f4c58-63dc-4d7f-9a58-519f9900ce16,RETURNED
order-55ebdbcf-dd48-4d9a-b7a0-69ddece9f59d,RETURNED
order-18098a27-2f7d-4ebd-a471-6ecddac2c31c,RETURNED
order-091973f8-144f-4eda-920b-56ab04e3a958,RETURNED
order-37fd8c9d-d0d0-4b40-a8b9-4941fd7c5f4d,RETURNED
order-68d75fba-06d7-4905-8b9c-65a549224fc8,RETURNED
order-364ae00a-40e3-4df9-baa8-ff2a9493bcfa,RETURNED
order-80fdef10-ba2d-4046-9638-5e158efd7262,RETURNED
order-9b105c0c-0ecc-4750-a36b-5222fbd9496b,RETURNED
order-f2343394-e81b-4dc0-a90b-c51d4e73c7d3,RETURNED
order-c7031570-f242-4790-89cb-87bbdc6532bd,RETURNED
order-e93ffe30-07b4-4be4-8e62-6fdeb3c5e669,RETURNED
order-b6743389-9225-445c-bfe6-35928dfcebea,RETURNED
order-b4f7ae39-591e-42c6-bf97-bceb90244474,RETURNED
order-2c8d8b75-936a-4ce8-be6b-1ba81218e0cf,RETURNED
order-148aea62-bc2a-422e-9dc8-94469d95a9db,RETURNED
order-628e1e8e-6814-4a5c-b4cc-96a75c9bbe86,RETURNED
order-e548b09f-1a6d-409e-b81a-30aa2ed47edb,RETURNED
order-9588797d-161c-4888-8303-fa5bcc0e29e0,RETURNED
order-54d51dcf-4b6e-40b9-95e2-933e15894409,RETURNED
order-794a12ac-ad52-4e69-b76a-5de397a28715,RETURNED
order-8f0e7a54-4d6c-4252-869d-30acd10fa215,RETURNED
order-ad726aa3-b169-44db-b7bb-7aa1d345215a,RETURNED
order-6ae21642-da50-4612-99ce-e8ba8e9de25b,RETURNED
order-b8c236f9-7d7b-47e5-a16c-7e41a441f579,RETURNED
order-24b82545-fcc6-4dc9-bd43-2ebb5d7357d9,RETURNED
order-74fe678b-cd3b-4cda-8a5b-f06dd67545b6,RETURNED
order-15b939d7-03b5-40a7-b976-89f9e6ec6ed4,RETURNED
order-f1958cdc-4005-4c7e-83e0-b111a29b02e0,RETURNED
order-7610f2f7-c306-416c-b7d9-8eeba6d50acb,RETURNED
order-d91f3530-44b5-4292-9e23-cce8297d566d,RETURNED
order-41a9caa4-d99e-47d2-b404-862b2b9abd0b,RETURNED
order-782043aa-aec3-43e6-83b3-8b65c06f873e,RETURNED
order-3dda11d1-9fd3-4a6d-b5cf-c5caf13d57de,RETURNED
order-67139d6a-d50f-4c29-b6f6-dd8efa37fc81,RETURNED
order-e38507d3-4dc3-49c7-bdb6-583031402298,RETURNED
order-85ecae5b-4e98-4d73-b590-352bfb9569db,RETURNED
order-607778bb-740f-4a7a-bd42-4ac981cf9cbd,RETURNED
order-0f98697b-d75c-4cab-b1f9-ceea7ba0a396,RETURNED
order-bb557411-aed2-467b-9d31-b0bc2dc4fb18,RETURNED
order-46b2c54c-df9d-458d-9c7b-f24ea8a5b73a,RETURNED
order-fca0e1fe-c0e4-4517-bca5-a7e6a4a75152,RETURNED
order-10a029f6-c1bc-44d0-ac6c-c8cce670e336,RETURNED
order-d66efcaf-e08f-4159-852d-ff25aa5055c6,RETURNED
order-f1410453-7389-414b-bf07-ab1748416abf,RETURNED
order-1d575051-94c8-4755-9c07-13c2fbfb0acb,RETURNED
order-95e14ee0-59ce-43fe-84e9-1301d3b1b7ed,RETURNED
order-dce24c89-15f6-48d1-bb13-28e8d9003702,RETURNED
order-872cf7bb-6596-4d52-b7c7-edd54effadb8,RETURNED
order-c41b0d12-bebf-4823-80d0-8e328b755a93,RETURNED
order-e2824b2d-5b59-4c34-9bda-d6e3a61a239b,RETURNED
order-bbb82327-4407-4ff4-bc7c-4ce3f1aafcba,RETURNED
order-ee44448e-e7cc-49ef-8d2a-1d4074f53103,RETURNED
order-460404f1-f315-4384-b5ab-ecc150e420f6,RETURNED
order-6ed2f344-49d6-4c12-9e32-57af381283f5,RETURNED
order-449f1695-9e3b-4da7-8d95-ee972995cf91,RETURNED
order-dd484a05-5cad-4393-bd34-366af4a2f58a,RETURNED
order-00909fde-6a58-4c58-ad3a-8e5627ac9b49,RETURNED
order-d0620789-9cb8-446b-93e2-45217e85ba43,RETURNED
order-c77a22a6-94aa-4fa1-aa5f-1b146adce848,RETURNED
order-122aa3b2-c4ae-4e49-81d2-ad2da1b737a0,RETURNED
order-b82e9c76-92bd-4e74-bea0-e5ac1987ae38,RETURNED
order-61665661-a838-4b1f-87f0-f5b9a8a49e91,RETURNED
order-575fb46a-77d0-4eec-9db3-c7c75cf36b3c,RETURNED
order-8fae1e63-ffbc-4da5-8381-6413b3724973,RETURNED
order-f72ee88a-84ef-4851-a5ed-d7ac92a920a2,RETURNED
order-2844cc31-44aa-4e90-adf1-b1afbc19ac1a,RETURNED
order-ed36a9c8-4ea8-455e-838e-176a4bea24c1,RETURNED
order-98b5a205-fe90-474b-8b06-55ab2e8df4e8,RETURNED
order-257f768a-2cb9-4ff6-be19-5bf6506ebba8,RETURNED
order-e03c149a-15ca-491e-ae8b-a1dbb6483222,RETURNED
order-97fa940e-b966-4121-a341-720334b2c2f2,RETURNED
order-1330e00d-4a6d-4cec-a97d-2a457993cea0,RETURNED
order-e631c665-430d-47c0-8b0d-f5472f1815d9,RETURNED
order-73e776f9-968e-4d3e-9ed2-326cd9c3cda2,RETURNED
order-35b7ff95-7065-483a-9b9b-16fcecaf9506,RETURNED
order-6bd31f49-67ee-4105-91db-370d0938f2d9,RETURNED
order-ac3592d3-295b-41c1-9d49-c39df1dccab9,RETURNED
order-7121a298-fdb4-4327-a8ce-d0718e238237,RETURNED
order-53867aff-d4a3-4588-8268-33b8ebd1f9e7,RETURNED
order-fcdc9cec-19b5-4eb1-bb39-e86e76b68de7,RETURNED
order-b66b9527-2108-42d3-934e-23fc75997cf9,RETURNED
order-ceeb07f9-906b-4b5d-a364-3254f177b360,RETURNED
order-f147d61e-e961-48b3-bc52-859e1b085674,RETURNED
order-930b93ce-07f1-4248-98ad-9230e06fc32b,RETURNED
order-ea5b12fa-1366-4ebc-a2e2-815b00249b41,RETURNED
order-d0e3abef-cdd7-402b-896e-e9b46500d130,RETURNED
order-8c97e70c-d2ab-4e99-bcd3-87f7ca9eec8e,RETURNED
order-e9756f8b-5abe-41a9-98d3-e4b6930f5550,RETURNED
order-f8f8c2eb-941f-44ef-a821-76b2cd460388,RETURNED
order-cc0a5b43-ffd6-423b-b4a6-dac834a60b0f,RETURNED
order-e6e870b3-92a8-4e04-9a84-c18a6e7c9303,RETURNED
order-ee989631-74f5-4999-9486-c10fcf0e5786,RETURNED
order-a9c4ba4e-2b4f-474d-8939-5dafe0a2a3ba,RETURNED
order-79fb3bb3-4708-4196-8e31-5f3ac31e1acb,RETURNED
order-a7af50c7-57b4-40bc-9fe3-1b26d667e302,RETURNED
order-c0ff3110-061f-4d41-a10f-c613ea5939d0,RETURNED
order-15f4cc5b-df35-422a-a7a9-f885fd53cf30,RETURNED
order-4117fa7b-7a2b-4186-8cd7-06d0e96d8d63,RETURNED
order-90a4d0e8-2977-40d9-8814-3eb5bae956e4,RETURNED
order-ca3e1f3e-7b7f-4002-a3df-b77634990a97,RETURNED
order-c290eb7b-d1c8-4602-a4a9-d759c7f1b1e1,RETURNED
order-a4d7e2b4-8e1c-4f75-b454-ccfa35c502a2,RETURNED
order-0ae3713e-3b60-4438-b835-ff563c6ad007,RETURNED
order-0d9707ea-19a8-4f72-a55f-3421468f2310,RETURNED
order-2f3c64c2-b566-4d48-8453-833b3f56c031,RETURNED
order-c6fca4bd-7b51-4c9a-ac70-b165d75b57d8,RETURNED
order-2cbb4c7e-ee85-41fb-95ff-88599e337e5c,RETURNED
order-858fd9b4-c44b-4001-9d73-ff0082d579c6,RETURNED
order-1ec4c7fe-f95a-4ae1-8060-8e0ab1625458,RETURNED
order-2f5d3e71-72f6-4ee5-8c36-8f97ffdd2663,RETURNED
order-100444e2-b19b-4d9a-9ad5-ac655ace8ec6,RETURNED
order-39511e52-89b3-4e7f-a094-529f42ea7669,RETURNED
order-858cc57a-1c02-4ce0-9d84-4677af09a89e,RETURNED
order-e747b64e-bb3e-4909-bafc-e75adbfaa2ef,RETURNED
order-1ccde5f2-c6a3-4919-901e-61fa584c6f43,RETURNED
order-ba7a95c3-c78c-4a06-b0f8-3fefe9818317,RETURNED
order-a736ed6b-45d1-4d7f-9040-96bea664bf59,RETURNED
order-72bf2ed7-9a02-4fd1-8f6c-3bcb1fe868b4,RETURNED
order-1a5226ad-b101-4f79-9d54-69485fb28447,RETURNED
order-0148e044-7014-42b5-b0b8-2e0d571a5f54,RETURNED
order-ccd62c5d-533b-4292-9c77-72024a370622,RETURNED
order-132d6d22-c4ef-4b9e-90ba-96d8019c10e8,RETURNED
order-1c9889ed-d223-4ecb-b523-fe0d24e83603,RETURNED
order-5dfa665d-e426-40ad-80d0-266b35bb0d79,RETURNED
order-f827ca47-3dba-4987-adf0-0cc00f0de103,RETURNED
order-d0712ff7-8368-4ab6-aead-91d5e14e9898,RETURNED
order-e0d0ac8c-91d3-419c-8cff-0768d22ec07e,RETURNED
order-7e0811c9-06f6-4e3f-b850-5c1651f787f8,RETURNED
order-a7331338-9ee1-4e97-b51d-4c3d49de4b83,RETURNED
order-db6597be-cd6b-4a74-91cc-d8c8e8a51cba,RETURNED
order-31e6b97c-5b2e-4752-b6a3-f9077b1c8153,RETURNED
order-e98b1c82-90bf-4392-9746-06e9746e02b1,RETURNED
order-0ba49c77-8fa1-4bda-9c94-357927465533,RETURNED
order-374940f2-adbf-40f6-a575-873034e2ae40,RETURNED
order-8099bda8-5c73-4fe5-8d56-b4d443cbc0cb,RETURNED
order-97f1fd92-2811-4a8b-a756-aba05bf602c6,RETURNED
order-eee8d817-87c4-4c26-9dfc-d130486f2d38,RETURNED
order-4a9de4b5-e173-466a-b299-6a08b620bbd3,RETURNED
order-7aa1be78-8d6a-460c-9d5e-b57da74de7c4,RETURNED
order-bc1f5671-e2ad-4c9a-b183-df7438dfaae5,RETURNED
order-064655ef-1314-438d-a7b3-aa765754170e,RETURNED
order-1e7ac02d-7386-4aff-b14d-24bb65c16f73,RETURNED
order-a54ebb93-c653-4dd3-a30a-a9636843b055,RETURNED
order-d4048d97-220a-46e7-9939-a415fdadf77d,RETURNED
order-1a004f12-a716-4341-955b-aae117af21b1,RETURNED
order-54fa85d0-c485-417f-baaa-3a29729015c7,RETURNED
order-2c973cbc-64ae-443b-b614-41f79e089643,RETURNED
order-1012063f-81cb-43be-a86e-81ead6450bba,RETURNED
order-8b767d34-e3f9-4958-9157-bf7b1b833bf8,RETURNED
order-8e6a3d5b-038a-438d-89fb-daade1453ec0,RETURNED
order-73795ecf-1a78-4579-94c2-3ed7af8624ef,RETURNED
order-8cc6a9c1-42df-41c1-8c1d-dd83787533ab,RETURNED
order-dade47ed-6369-4516-905e-dcf3a2d17a83,RETURNED
order-d17ef8a1-7e09-4a4b-95e4-2a435d4cc008,RETURNED
order-1b15bd92-f9ee-4cf1-81a1-7f8503b74bca,RETURNED
order-bcdb4271-382d-4260-8ea6-86d7db8a5621,RETURNED
order-20b098ee-b890-477a-a6d4-b69b27d17dee,RETURNED
order-06ab6d42-37da-4af8-b93e-76f9a9e6cd44,RETURNED
order-b292d80e-8d50-468c-9aa7-9e8136562138,RETURNED
order-5664f9eb-d13c-4758-a2a0-77afccc3ed5b,RETURNED
order-7f828590-4c70-4ae2-a1ec-8c4d6f982fb4,RETURNED
order-65adcc31-efd5-4eea-897c-e9e466f84839,RETURNED
order-aa3e0ff8-bd99-41e0-8f9b-cb7959aced80,RETURNED
order-2c81c8b3-8f6f-4d1d-be8e-ee094bfa7d9b,RETURNED
order-b2b9baa8-b288-4d37-a9c2-a10f2c409586,RETURNED
order-624e982e-887f-49d6-8f0a-341d04731e1f,RETURNED
order-7466d812-b91d-4151-a81a-81a11677c06b,RETURNED
order-a3159dd6-2921-4cc9-8bfb-775f4837f95e,RETURNED
order-92493fec-c8a9-4ed2-ae8f-71b2cc9dba18,RETURNED
order-ea964bbc-b8ff-4c65-b48b-3f17446ebecb,RETURNED
order-6e398c14-c351-43f2-a62a-ca0f74a86788,RETURNED
order-de129c88-eb09-432f-bd42-4a98c830d0b0,RETURNED
order-d0854953-cc37-41ce-ac79-737cfd0a333b,RETURNED
order-87099701-2534-4b5d-9647-1921403c10c9,RETURNED
order-b44aeb9e-4d52-4366-83f9-53d013a859d6,RETURNED
order-d562b6ab-1162-496a-9228-7d1cb2bc53c2,RETURNED
order-e9d53849-fd69-469f-ac71-9f193e34c8dc,RETURNED
order-31492712-f4a0-4851-9979-762da24c6efa,RETURNED
order-1f287cdd-d1e1-43eb-9a5d-238bbde3fadd,RETURNED
order-d2abb4e1-abeb-4dd9-8020-7a61570bcafd,RETURNED
order-c83f1d20-f73a-4476-b66d-6474f35a9a0b,RETURNED
order-f82ddd5f-9568-4357-81fa-cf69c31c69df,RETURNED
order-afa010e4-0f78-4695-b150-d7c295ca773b,RETURNED
order-4f98cc25-811f-4243-afe2-7a680eb3e48b,RETURNED
order-766a0789-ae0b-4fc9-8797-071bfdaf1b1a,RETURNED
order-0c74fbaa-5600-4f7e-8544-42a9d77d881f,RETURNED
order-cd6a5ea6-0d72-4585-85f3-ebfdc9f900f4,RETURNED
order-91dbf9e5-5d9a-4f1a-9704-6da8fcfd2ab6,RETURNED
order-90533c7e-c3b6-43cb-8f60-c74ca75bf081,RETURNED
order-06268c6d-3ea6-41d1-b66e-6e1c818e4ef0,RETURNED
order-7ac67957-d4c6-4867-8835-04c0af79ba92,RETURNED
order-f008203d-cb1e-4c4e-8f9c-b9554e96e66d,RETURNED
order-ce11cd02-594b-4c90-aab0-2e790c85685e,RETURNED
order-f8ea6651-40d3-46e9-ada0-fa195149f7e6,RETURNED
order-2d68212f-72cc-4147-b29b-6f703abe70aa,RETURNED
order-847b8f1a-b5ab-448e-9b04-f7555bedccc8,RETURNED
order-624c587b-ac6c-43e0-87ba-33c9b109cad2,RETURNED
order-cee2bef7-adc8-4595-9ce7-1b571bac984e,RETURNED
order-4fb0d86d-6e5f-4e7a-9f54-352c02812bd8,RETURNED
order-87b927e5-f8d2-41d7-a910-24313b586835,RETURNED
order-9bc6bb5d-324e-420a-a174-1ba7d3e38f94,RETURNED
order-d4100bde-a866-434f-9b79-dbcf5b52aec7,RETURNED
order-3589265f-3bdd-4bfe-8f5e-c63377c4b47c,RETURNED
order-3254beef-fc73-425c-8190-86e643d327e8,RETURNED
order-a829f5b7-a461-4c7d-9863-2dd1298b4f1d,RETURNED
order-62c1d0e1-0366-48e3-9882-beb366b14da8,RETURNED
order-f4f8ec10-1f68-4d9d-ab5b-f2d48568a5e2,RETURNED
order-ab13d498-eecc-4d07-ad67-86fcc5375469,RETURNED
order-9e514953-b9d0-4072-8ccf-ce6688b2152c,RETURNED
order-0cbf7e51-03bd-4663-9e30-a55842be1bbc,RETURNED
order-e5f71ea4-85f4-42aa-a5be-4ccf5de26703,RETURNED
order-6b3ce22f-7495-4919-b3ed-f9b09603cb55,RETURNED
order-50a27518-6fd5-4be8-a3a1-7a65789f8aa9,RETURNED
order-2a15228e-6e46-44b1-b1e8-a0b14236f4a5,RETURNED
order-fe731d58-17a0-4b3b-93b8-9b842eaf79a7,RETURNED
order-83c96309-8a14-478c-9eca-9099b883f66c,RETURNED
order-ebbfa31d-ec34-4601-96e5-8c92bcb757ab,RETURNED
order-030c6d3b-b77c-4899-933b-3637db4a26de,RETURNED
order-1e1ac391-f21e-494c-a17b-068cdc9ad950,RETURNED
order-140705fb-a2d4-4fe0-b473-8a3e860a11d7,RETURNED
order-92d43ad8-7ab9-4387-ade1-bfa2cbcabc55,RETURNED
order-5b7c20a0-8484-43d3-9dab-b6a271dcfd92,RETURNED
order-e0021361-4ced-423f-81d3-54a3eb1e24e0,RETURNED
order-6fed10dc-c017-46b6-981f-8d744c971034,RETURNED
order-157f4e6a-8186-4ba1-b955-5370db866ef5,RETURNED
order-126aa7d5-d3fc-4fbb-991a-476d157427eb,RETURNED
order-dec6800c-9d5d-41d8-9d37-3c645ea4efe2,RETURNED
order-0adfe711-bf11-405d-96f0-89150e0e268d,RETURNED
order-26036486-0698-4361-9f11-0e4953cbef6d,RETURNED
order-55c89fb3-eca1-401e-a1b7-40ce14549fff,RETURNED
order-13b677d7-435a-480e-ad3b-93f3b47325bf,RETURNED
order-305daaad-13ff-4480-b775-cc4af1b6047f,RETURNED
order-7a926147-c157-4a25-8547-74b6f2e70a45,RETURNED
order-4023f89e-5823-44a0-831b-bb52fcd7e460,RETURNED
order-ecd28fcc-0a4a-4b20-b321-dca5d92b4b1c,RETURNED
order-1ab0c9c6-fb25-45d8-8bcf-cea843f7c546,RETURNED
order-c69d6cb3-7dad-480f-9fd9-869e43bf577d,RETURNED
order-b138ff15-66d6-43fb-9b3a-abace778081f,RETURNED
order-1477fbf2-754f-4d88-bc1d-9983972cda5b,RETURNED
order-389de292-e3f2-448a-a551-6b8fe4ec4dfd,RETURNED
order-792c3668-8747-460c-abdd-6e8aa3cd4ed3,RETURNED
order-4e63846a-5fae-4e32-8072-a2c01902b4b3,RETURNED
order-f3f9ede2-7ef9-4d4a-8494-ced397ed21e8,RETURNED
order-21366312-5dfe-4498-bdbe-1cf3fcee930b,RETURNED
order-92533602-60f7-49b0-9090-bd8886e92b80,RETURNED
order-8caf576c-60b8-412a-ad98-203515e6883f,RETURNED
order-8d1c0e30-e6b6-490e-8832-a0ff4db58e83,RETURNED
order-adef4982-825b-4e4a-a2e5-1f62bed07ea0,RETURNED
order-0a861686-9c7f-49ea-9183-69e142092abb,RETURNED
order-2ecb6a5a-8b12-4991-b121-e66bd1a173d9,RETURNED
order-631c2b32-1765-4659-b845-3453f1bf6ae0,RETURNED
order-3b994b8c-47e4-4748-9dcd-48404906fbce,RETURNED
order-6826c7a9-d15e-45aa-8973-631b915a1da5,RETURNED
order-3382e17b-8ea0-4987-a4ae-2103aec7cb11,RETURNED
order-adb4d295-bc98-4ceb-885c-f27131fb5693,RETURNED
order-584411ad-3f2e-4fe8-8e34-9d301b6bb0fe,RETURNED
order-854d6ff5-128a-4dfa-bc57-3118bd9aac15,RETURNED
order-8962dc6c-f4f9-4e7e-a24c-142992c397f3,RETURNED
order-f66d7064-7a08-47ae-bd65-71e4bc0747ea,RETURNED
order-b609c203-ea74-483b-8129-d3623e15cf10,RETURNED
order-d8506b74-af06-4edf-905a-f7136f640ab9,RETURNED
order-be16e7ba-ce2b-4835-bc41-1c0c410a4979,RETURNED
order-1b2394a9-0a9d-4e4c-afd9-7ecc5e785d59,RETURNED
order-d5e1950a-7246-419d-9f52-e7fcb8df052f,RETURNED
order-f4571b4d-ca5c-4a27-addb-9c6304c67979,RETURNED
order-71e1024e-ed52-4bc6-bb35-6d214474bb91,RETURNED
order-a28544d8-e714-4e9d-83eb-1b7a0c370119,RETURNED
order-4348aff8-2e4f-4057-b1c2-40c766f0f79f,RETURNED
order-6360bb9b-c9f7-4bb5-898a-b590e69b20b9,RETURNED
order-66bd041f-a0e3-4017-9268-aa5358a8dde3,RETURNED
order-948c3bcd-d47c-4f42-bdf1-d084f51d5bd6,RETURNED
order-20d3855e-d48d-48c8-b843-03a87ff0f178,RETURNED
order-50e828e9-7c98-45cd-9dbc-8f15fe0f29f9,RETURNED
order-4a3e5d06-a42d-4e47-ad3f-b273e0e769b0,RETURNED
order-1e395d58-386b-41d6-9116-96071fb46da0,RETURNED
order-19d6f271-dc85-4c95-9959-af1d116ae046,RETURNED
order-21419fc8-825e-48c9-995c-d816fe70f82b,RETURNED
order-4a5447b2-41ad-4ba9-b7b9-bd580d76076f,RETURNED
order-4bbb1988-a931-415e-955c-2512674422f8,RETURNED
order-eda19f06-aa2a-44ca-b393-a356180fe864,RETURNED
order-56a21fa1-eb5b-48b9-b893-02f4e68c00ab,RETURNED
order-fed3f8cc-a898-4d1c-8f6c-589905b08426,RETURNED
order-b8c295e9-602f-4b58-ad65-aa15838f3307,RETURNED
order-e72fc1d2-0475-42c0-aff8-11f28eb595b8,RETURNED
order-b66c48f7-3865-4a00-b096-9c0e7003019c,RETURNED
order-693c76f7-bb68-49f6-ad7e-e6f1305a45a8,RETURNED
order-6e26260e-178d-4b32-ab6f-0381126bd607,RETURNED
order-165189af-ee3f-475d-86fc-b5b83e996a5c,RETURNED
order-5c72e5c7-f2f8-41e1-8459-3d8312ac11f1,RETURNED
order-1e50bd87-fceb-49dd-a65c-240486c2259b,RETURNED
order-bc4dd9f7-ba19-4f45-b47d-0608e04df719,RETURNED
order-b4d3ff17-9be6-48b3-a615-be39e7353731,RETURNED
order-e81baa81-7b1d-4e7c-902d-4f8b1dc58606,RETURNED
order-5617aebe-163e-403a-ba12-d01d03c4f7b8,RETURNED
order-476cc7a2-f20b-4447-9011-6d955291836b,RETURNED
order-c69042ce-b9f5-4cf3-b5f1-bd5661bb3d8c,RETURNED
order-f774f3d3-62af-4a25-8e8d-f37f3f45e75a,RETURNED
order-33c31805-0ba7-42be-b1df-6573103e692a,RETURNED
order-1ea31dcc-cceb-4b9a-86be-3cf72a65cae2,RETURNED
order-79c5b820-c3e0-402f-bdb7-7fa9f9d7c11d,RETURNED
order-2310c74d-0adc-4e0a-aa71-75679ff0cd22,RETURNED
order-2b7ace6c-14ba-46ac-a5b0-792eb0ebfbab,RETURNED
order-04b6bc07-b3be-4aaa-af1d-8a725285311b,RETURNED
order-021b1328-446f-4e1a-8c87-29e94f43460e,RETURNED
order-4a294467-67b8-4372-9431-ec15f08a3e09,RETURNED
order-8500ed35-93e3-450e-a703-295b86d5261e,RETURNED
order-e9c6b9fc-a42a-4554-8368-6a8659817af0,RETURNED
order-98e2ff57-6a8b-4ec9-bc8e-6f5c27840a6a,RETURNED
order-ec80c3ab-9232-4361-b878-bf8912655ee5,RETURNED
order-7d805520-0463-47db-bfc3-152cd4a987e8,RETURNED
order-12f04d07-093b-4618-a252-e8fd38191e07,RETURNED
order-5287c612-762d-4eb7-87d6-9f96343597f1,RETURNED
order-0d8d95e0-21a6-4ec0-92c7-f363cf1a8d4d,RETURNED
order-90d3d37c-3ef7-4586-8a69-ebc3309c055d,RETURNED
order-bc8a33a9-e561-4037-8832-7f1563c34a67,RETURNED
order-0f87898e-430c-4f22-a345-d0c43a0694f4,RETURNED
order-efcdd2f7-9697-40d3-9f77-8dd955df0d93,RETURNED
order-2e5f4ff8-5012-4f71-9640-2c807fd8d946,RETURNED
order-2ec3f491-c801-40a9-a125-2d8457d9aa73,RETURNED
order-3dc90329-5a6a-47f4-a16a-8cf2d0f9cadc,RETURNED
order-5b8e9add-ab82-4abd-ab76-5027c0205ada,RETURNED
order-0f573674-24b8-4edf-8e41-895abe94ed55,RETURNED
order-29c265a8-ca60-4e98-a7de-f8da20551a4b,RETURNED
order-c0a43538-8c43-4b00-849f-8a7474f997f7,RETURNED
order-4397b72d-3eca-4a12-8b18-f1c3b303a4ca,RETURNED
order-4a0e87e3-f5dc-4452-806d-07cb7da7639b,RETURNED
order-af15ef6f-b1a8-49c0-9835-05503899525d,RETURNED
order-4133d5ae-65e5-4dac-9f38-d87be76f5936,RETURNED
order-9188bf69-c7f5-44b5-b9ba-95a3bc8a7189,RETURNED
order-2e03908c-3629-4301-a916-2f563859513d,RETURNED
order-f7bc69fa-721a-4832-8e9a-0c9f30e41a71,RETURNED
order-17663e85-90d6-424e-8173-4cb36e21e048,RETURNED
order-f0f77c0a-8ffb-49c5-83f5-270329f0b488,RETURNED
order-1ab3225a-f673-4d2e-bb5c-095681d8585c,RETURNED
order-d0c0b328-66fa-4c45-b4cf-2f990994822f,RETURNED
order-483c0c40-b1c4-4fd2-afbf-7daaa24fc96b,RETURNED
order-d9edd934-17e1-43bb-aae1-e9548ec97053,RETURNED
order-18acf16e-5caf-4668-8b00-ff9b22e84dd0,RETURNED
order-5586d2e4-3b76-47a6-904d-19581ebe9d32,RETURNED
order-85a6bd9b-0ed4-441f-afc4-d9f852b59218,RETURNED
order-d5e662f2-a0b4-47e9-bcde-86c38441c785,RETURNED
order-1fc809a4-c11b-4a94-a2bf-0e83309bb524,RETURNED
order-7e8e506f-8dd1-49aa-8254-f98794497913,RETURNED
order-0bbe249f-030a-42e3-aeb5-5985795641cb,RETURNED
order-781cfd2e-87b6-4372-8fa7-6c5d3573b621,RETURNED
order-937577f8-5b5f-469d-9252-cba04d5923c7,RETURNED
order-380795c4-abe3-4e43-829b-12a55bce954d,RETURNED
order-63d93a1f-849d-4226-b05b-8ba15fa24f2b,RETURNED
order-fc313416-7f44-44b4-876f-78875744864b,RETURNED
order-cda58ebe-5689-41ce-8fc0-8f0afa88ad48,RETURNED
order-e5f32ece-df36-4bbf-8481-88ffb4244e47,RETURNED
order-878872f3-da47-4f60-890f-86dceeb071b0,RETURNED
order-aa2cc3df-d7c6-4d28-a17c-c1de6bf19655,RETURNED
order-82f386d6-b2fb-4f35-8419-48fe7d73d943,RETURNED
order-a36f0aec-ca87-4285-b177-647344ddd27e,RETURNED
order-648b344f-af21-4bce-af5a-ce8cd571da7c,RETURNED
order-9f197b87-a796-43f4-8d98-900cd6c42ffc,RETURNED
order-e6a54511-e493-46a7-8c78-66416dd75208,RETURNED
order-745132a3-e35e-41e9-bfd6-9156c90284ec,RETURNED
order-2c6693e1-a38c-4ac9-b2e6-35c753625628,RETURNED
order-0fd75d75-8b1b-4b5d-a242-bd49af9f1de5,RETURNED
order-96c3752c-cae0-45b2-a387-f932728e2d52,RETURNED
order-03151729-e287-4039-850a-35e745daf35b,RETURNED
order-9729679d-337e-4769-a6eb-8de990fd0761,RETURNED
order-293c5d7e-1b81-4cd2-812c-3a489d50a56b,RETURNED
order-3dd9eaee-727d-4e15-88e0-449c7798cc25,RETURNED
order-ce041246-af52-4d70-9e9c-b0653fd98b05,RETURNED
order-83e71465-ea99-487a-83ba-8b80f4377399,RETURNED
order-e722fe71-37e3-46b8-a6a1-81be42f6ae9a,RETURNED
order-962411a7-d194-46d1-a256-412211f855b4,RETURNED
order-7405094d-d4a5-4da4-8bdd-0138c1e8fa60,RETURNED
order-40c6a959-99a4-4678-8e7a-8e0daec38b63,RETURNED
order-e2ea7b91-2a40-4db5-8611-4d2ea9ba14d2,RETURNED
order-cdb7c937-c6c3-486f-9293-ab52dc5eceb6,RETURNED
order-d19f0266-2585-4300-8a42-42c456320561,RETURNED
order-b1f1e54c-497c-4583-a22c-10c7cff96b42,RETURNED
order-2ad0beb1-a362-4ea5-a656-6e11560ae0ab,RETURNED
order-09e912f8-793d-42a2-adaf-46f2c9fa392f,RETURNED
order-faf8b7f8-0843-48c8-89e8-870e7bd61dad,RETURNED
order-682b617e-c841-4abf-a252-f949d9c2eaed,RETURNED
order-6ffca33c-1236-4576-b15a-038633a874f1,RETURNED
order-6e8101d5-4813-4df5-9b71-749b8d96b84d,RETURNED
order-9b4fa19a-88da-448b-93db-4fcce4fcadb2,RETURNED
order-5eff9fac-877a-4386-b715-1f55d6236118,RETURNED
order-3032b61d-7693-476b-9f79-7d5f2438ed24,RETURNED
order-947a75c2-8eca-47d7-a05b-1c362ca7565c,RETURNED
order-7b4e8c7e-81f2-4b39-ab2b-7ec3fe336efa,RETURNED
order-ce78d52b-8227-4b53-8613-ae4b47e75423,RETURNED
order-afcc536e-3168-40dc-aa7c-0b5f6006b65f,RETURNED
order-4b7ab181-fbcd-4bc5-bcfb-77e76f8ce03f,RETURNED
order-1601b088-eae4-4d2b-bacb-d9777997ad00,RETURNED
order-0e2b312d-8b5c-414d-95ac-e16499ebfd40,RETURNED
order-f57bc572-dd04-4da1-bffa-f9234f2aad9b,RETURNED
order-1abb1436-101d-4bd5-af92-492a36fa2b9f,RETURNED
order-8915adee-04de-4467-811c-3322cecea0bf,RETURNED
order-f4078f72-59ce-4f35-9919-7652b3755bc2,RETURNED
order-5d0e8db5-9766-4681-b146-6a5aed924afb,RETURNED
order-e865ebc7-576a-4c95-95f1-f4e8ad666313,RETURNED
order-43ae960f-eb58-4b55-b875-8eea8f412ee0,RETURNED
order-9d653e52-752e-458d-8684-3644b539f644,RETURNED
order-d91f3f5e-1ac5-4c48-b680-3b0a2164a76a,RETURNED
order-0124ec8d-2fa3-432e-802c-15cf09e66f2f,RETURNED
order-3b57ee4e-69f7-49ae-9b74-866dbd9f83b3,RETURNED
order-94410d02-26e0-464c-8695-af1aff36e56d,RETURNED
order-47d6ccbf-a957-4ce8-b970-9b6d2164252f,RETURNED
order-2997fa52-60b0-4c59-9f5a-ffee00306481,RETURNED
order-450dd414-ce5f-400c-9566-793672346b4a,RETURNED
order-83b0d8f5-868e-48ea-9b4a-b35330e7f66a,RETURNED
order-611059cb-4c66-4cc0-a4db-5ef722e0ace2,RETURNED
order-b946dea3-0f1f-478f-b0e7-c9f352659436,RETURNED
order-cd084601-51b7-4703-a647-89a776c15782,RETURNED
order-d21875d7-950d-4dad-9cc6-77f3ea39a807,RETURNED
order-77c89b74-3a1b-4269-94f0-f014ea14db00,RETURNED
order-cf4c8b0f-f710-4200-b291-8f15da153d38,RETURNED
order-12bb681b-8445-4162-9929-698a55109dec,RETURNED
order-784db935-538a-47fa-82ab-4f5ad650ee4a,RETURNED
order-d879fe1c-2e8a-40d8-877b-b1fdfabe4ad7,RETURNED
order-e68f8669-a474-49c3-9e00-c430c5710e02,RETURNED
order-3a049a0d-4325-480c-8496-fb3163516dd2,RETURNED
order-09c95634-e855-4c5a-98d9-67cad2b9da2a,RETURNED
order-a18a2786-ad8b-4c0a-9cc8-7fd0327207d0,RETURNED
order-1973910c-4832-4475-8eb6-7ac6b60c114b,RETURNED
order-0273a211-94b6-4f23-b7f4-64270f5ae655,RETURNED
order-547e6789-0198-4f9e-9e05-c1627fe01a6f,RETURNED
order-5d90cb9c-9df5-48e2-994d-8381f5e290cd,RETURNED
order-b10e13ea-458a-4dc9-8697-5cf64835baa2,RETURNED
order-d3c3debf-29e7-47f6-b8d8-980606ff9088,RETURNED
order-c608f6c5-dd36-4662-8059-63db7b9dd881,RETURNED
order-a37ab833-578d-4bfd-8908-05e65a0b15df,RETURNED
order-d496e84d-eddb-4557-8360-cc7f6e261958,RETURNED
order-9bc29655-7382-4887-8ed2-a3b27b5e4787,RETURNED
order-95f873ae-08c0-4951-b518-d89893d4d0f2,RETURNED
order-8407646c-20a0-4881-ba90-4b5898309d86,RETURNED
order-b27d0ee3-0ae0-4d1d-a991-4f46fef11745,RETURNED
order-5bd98cae-ae82-4b91-9d60-1c387c19cbc9,RETURNED
order-9930d437-99dd-4130-a9fd-fe80f8afd328,RETURNED
order-6cf9fc0b-90db-4061-b96d-8d549f3aedbc,RETURNED
order-06331159-b8df-444e-a1d6-119908a015c4,RETURNED
order-58b57924-e24c-4296-9e87-c90306f90017,RETURNED
order-7e46f09d-e23d-49ed-9a03-8b4eb7a3b004,RETURNED
order-dd7d7cf9-be9a-46d7-8a7d-42ff3d8adb47,RETURNED
order-e13bc8de-2ac7-4baa-a6b5-b09dcc17da26,RETURNED
order-8bc33826-209a-4132-85ff-82e2b41b2e86,RETURNED
order-67ce08be-70ec-4317-b982-49a61b9ef504,RETURNED
order-8516ffdf-8fa4-4196-afe4-cd6ff6ff5cb9,RETURNED
order-7cdb0563-c8fc-4670-aaaa-c0ab10e811f5,RETURNED
order-402be0a5-b7b1-479d-b2a9-f88d9f883a65,RETURNED
order-3d7c1925-a46c-49ad-bb00-80ef474b609b,RETURNED
order-233d42fa-ed0d-42d2-bfa7-f7bf087ed0cb,RETURNED
order-a44927ba-907a-4ae1-8de7-07a7ce56400d,RETURNED
order-836e40b2-0a1e-4346-a20e-a2b6b058f39e,RETURNED
order-833e19fb-21f0-4850-a8b3-ea2a0ed42a5c,RETURNED
order-3f80b0c6-deda-4316-91b2-7720ef6127cd,RETURNED
order-c58b5b3c-8cb7-4022-98a3-bfa07961200a,RETURNED
order-4329c017-0b29-4d41-aa78-3d98665d6388,RETURNED
order-230b6972-ea13-4e9e-8b33-25deb575e141,RETURNED
order-f2b16c1b-2e32-47cc-862b-3ccb2c15706d,RETURNED
order-28b5adf0-66e1-40ca-b7b6-e863eca99864,RETURNED
